{
  "naive_accuracy": 0.6163682864450128,
  "logreg_accuracy": 0.5089514066496164,
  "logreg_f1": 0.3885350318471338,
  "logreg_auc": 0.49659751037344396
}